{"cameraMode":{"drawMode":0,"name":"Shaded","section":"Shading Mode"},"sceneLighting":true,"audioPlay":false,"sceneViewState":{"showFog":true,"showMaterialUpdate":false,"showSkybox":true,"showFlares":true,"showImageEffects":true,"showParticleSystems":true,"showVisualEffectGraphs":true,"m_FxEnabled":true},"in2DMode":false,"pivot":{"x":-2.1209042072296144,"y":-0.895592212677002,"z":-2.1094138622283937},"rotation":{"x":0.033029891550540927,"y":-0.45884689688682558,"z":-0.01707630231976509,"w":-0.8877812623977661},"size":0.08139408379793167,"orthographic":false}